{"thresholds": {"pinky_ring": 0.5, "pointer_middle": 0.5, "thumb": 0.5}, "frame_size_ms": 100, "sampling_rate": 250, "scaler_emg_min": [0.47718088883740806, 0.5175270426953741, 0.49735846155416386, 0.5002617801419257], "scaler_emg_scale": [0.0008330937544714466, 0.0026567678928367763, 0.000908821022166269, 0.0015527218192812435]}