{
    "finger_cols": [
        "thumb",
        "index",
        "middle",
        "pinky"
    ],
    "x_cols": [
        "ch_1_sma_mean_1024ms",
        "ch_2_sma_mean_1024ms",
        "ch_3_sma_mean_1024ms",
        "ch_4_sma_mean_1024ms",
        "ch_5_sma_mean_1024ms",
        "ch_6_sma_mean_1024ms",
        "ch_7_sma_mean_1024ms",
        "ch_8_sma_mean_1024ms"
    ],
    "exg_fs": 250.0,
    "ema_methods": [],
    "ema_intervals": [],
    "sma_methods": [
        "mean"
    ],
    "sma_intervals": [
        1024
    ],
    "mean": [
        13.007198670866206,
        5.140116635749915,
        11.837323795444217,
        13.133295507665919,
        9.773390622606506,
        5.833116830831534,
        6.473083747060912,
        2.901892987728106
    ],
    "std": [
        7.187263188993164,
        2.176499604239244,
        6.93623877669247,
        6.14701037723485,
        5.633208803556092,
        4.3763288606860336,
        5.75104791215446,
        2.0269797993158436
    ],
    "iir_params": {
        "num_channels": 8,
        "fs": 250.0,
        "lowpass_fs": 125.0,
        "highpass_fs": 10,
        "notch_fs_list": [
            50,
            60
        ],
        "filter_order": 4
    }
}