{
    "finger_columns": [
        "thumb",
        "index",
        "middle",
        "pinky"
    ],
    "x_cols": [
        "ch_1_ema_mean_1024ms",
        "ch_2_ema_mean_1024ms",
        "ch_3_ema_mean_1024ms",
        "ch_4_ema_mean_1024ms",
        "ch_5_ema_mean_1024ms",
        "ch_6_ema_mean_1024ms",
        "ch_7_ema_mean_1024ms",
        "ch_8_ema_mean_1024ms",
        "ch_9_ema_mean_1024ms",
        "ch_10_ema_mean_1024ms",
        "ch_11_ema_mean_1024ms",
        "ch_12_ema_mean_1024ms",
        "ch_13_ema_mean_1024ms",
        "ch_14_ema_mean_1024ms",
        "ch_15_ema_mean_1024ms",
        "ch_16_ema_mean_1024ms"
    ],
    "exg_fs": 125.0,
    "ema_methods": [
        "mean"
    ],
    "ema_intervals": [
        1024
    ],
    "sma_methods": [],
    "sma_intervals": [],
    "train_mean": [
        18.511546398751218,
        11.25181910098397,
        4.930777129814572,
        6.474214601668732,
        7.258696596682672,
        9.58401255695235,
        21.36107604239776,
        8.197772693910153,
        20.472166171430203,
        19.063064342087657,
        11.230114877224667,
        14.13997114608215,
        10.324526604750805,
        10.97004377216326,
        9.969452460162326,
        7.451303657633012
    ],
    "train_std": [
        8.39013879687665,
        5.347625882827639,
        1.9131518465514274,
        4.740216018800142,
        5.312082849879032,
        9.051127465171165,
        9.204812889966096,
        3.104226077677269,
        14.245037672031497,
        13.36120987201895,
        7.202784640359108,
        12.74797702908409,
        5.30418835886684,
        5.5353043245302125,
        7.062095387972227,
        3.8435172079095814
    ]
}