{"thresholds": {"pinky_ring": 0.5, "pointer_middle": 0.5, "thumb": 0.5}, "frame_size_ms": 100, "sampling_rate": 250, "scaler_emg_min": [0.45067730480022955, 0.5073306164219913, 0.4984355116967268, 0.6383749663793546], "scaler_emg_scale": [0.0012726858841665533, 0.0017271514929756199, 0.001377299483407614, 0.002043935633991807]}