{"thresholds": {"pinky_ring": 0.5, "pointer_middle": 0.5, "thumb": 0.5}, "frame_size_ms": 100, "sampling_rate": 250, "scaler_emg_min": [0.3843770021167634, 0.4681260408291323, 0.45664592249024777, 0.6277870001042227], "scaler_emg_scale": [0.0010265373758380205, 0.0022310569693670184, 0.0010284158569999803, 0.0010050533005210585]}