{"thresholds": {"pinky_ring": 0.5, "pointer_middle": 0.5, "thumb": 0.5}, "frame_size_ms": 100, "sampling_rate": 250, "scaler_emg_min": [0.286980974950175, 0.48214847204147065, 0.6310078713334932, 0.6863257919632624], "scaler_emg_scale": [0.0007211419959576611, 0.0023422104740009847, 0.0014058312307501557, 0.0005787955781204815]}